 Curry In Hurry,3.5,40,Indian,under $10
 Lamba’s Royal Indian,3.5,40,Indian,under $10
 Taste From India,3.5,45,Indian,under $10
 Bombay Street Food,4.5,52,Indian,under $10
 Pav Bhaji Vada Pav Zone,4.5,61,Indian,under $10
 Shawarma Point,4,66,Indian,under $10
 Conscious Cravings,4,83,Indian,under $10
 Monk’s Momo,4.5,91,Indian,under $10
 Shawarma Point,4,92,Indian,under $10
 Shahi Cafè,4,119,Indian,under $10
 Masala Dhaba,3.5,130,Indian,under $10
 Madras Dhaba,4.5,132,Indian,under $10
 The Vegan Yacht,4.5,221,Indian,under $10
 Fat Cats Organic Coffee And Dessert,4.5,235,Indian,under $10
 Conscious Cravings,4,291,Indian,under $10
 Masala Wok,3.5,310,Indian,under $10
 Kismet Cafe,4.5,337,Indian,under $10
 Bombay Express,4,362,Indian,under $10
 Teji’s Indian Restaurant and Grocery,3,451,Indian,under $10
 The Halal Corner,4,455,Indian,under $10
 Arlo’s,4.5,641,Indian,under $10
 Tarka Indian Kitchen,4,1002,Indian,under $10
 Curry Kitchen,5,67,Indian,$11-$30
 Saffron,4,69,Indian,$11-$30
 Chutney,3.5,74,Indian,$11-$30
 Bawarchi Biryanis,3,96,Indian,$11-$30
 Tarka Indian Kitchen,4,103,Indian,$11-$30
 Dimassi’s Mediterranean Buffet,4.5,135,Indian,$11-$30
 Snap Kitchen,4.5,140,Indian,$11-$30
 Kabobzi Mediterranean Grill,4.5,154,Indian,$11-$30
 Zaviya Grill,3.5,163,Indian,$11-$30
 Arlo’s,4.5,169,Indian,$11-$30
 Zaika Indian Contemporary Cuisine,4,172,Indian,$11-$30
 Chennai Cafe,3.5,191,Indian,$11-$30
 Biryani-N-Grill,3,194,Indian,$11-$30
 Velvet Taco,4.5,207,Indian,$11-$30
 Spice Fine Indian Cuisine,4,218,Indian,$11-$30
 Biryani & Co,4,221,Indian,$11-$30
 Biryani-N-Grill,3,223,Indian,$11-$30
 Kumar’s Austin,3.5,232,Indian,$11-$30
 Jaipur Palace,4.5,237,Indian,$11-$30
 New Sitara Indian Cuisine,4.5,240,Indian,$11-$30
 Kebabalicious,4,272,Indian,$11-$30
 Suprabhat,3,275,Indian,$11-$30
 The Kebab Shop,4,278,Indian,$11-$30
 Sangam Chettinad Indian Cuisine,4,300,Indian,$11-$30
 Bombay Dhaba,4.5,307,Indian,$11-$30
 Taste of Ethiopia,4.5,316,Indian,$11-$30
 The Halal Gurus,4.5,326,Indian,$11-$30
 Star Of India,3.5,355,Indian,$11-$30
 Masala Wok,3.5,355,Indian,$11-$30
 Inchin’s Bamboo Garden,3.5,357,Indian,$11-$30
 Habesha Ethiopian Restaurant And Bar,4,361,Indian,$11-$30
 Biryani Pot,3.5,396,Indian,$11-$30
 Caspian Grill,4.5,407,Indian,$11-$30
 Halal Bros,4,418,Indian,$11-$30
 Saffron,4.5,426,Indian,$11-$30
 Nasha,4,452,Indian,$11-$30
 Abo Youssef Mediterraneann Halal,4.5,484,Indian,$11-$30
 Buffet Palace,3.5,486,Indian,$11-$30
 Bombay Bistro,4,490,Indian,$11-$30
 Dimassi’s Mediterranean Buffet,4,490,Indian,$11-$30
 The Beer Plant,4,541,Indian,$11-$30
 Tarka Indian Kitchen,4,565,Indian,$11-$30
 Halal Bros,4,632,Indian,$11-$30
 Casa De Luz,4.5,637,Indian,$11-$30
 Picnik,4,758,Indian,$11-$30
 Asiana Indian Cuisine,4.5,809,Indian,$11-$30
 Counter Culture,4.5,854,Indian,$11-$30
 True Food Kitchen,4.5,1015,Indian,$11-$30
 Clay Pit,4,1727,Indian,$11-$30
 Koriente,4.5,1783,Indian,$11-$30
 Bouldin Creek Cafe,4.5,2440,Indian,$11-$30
 Marco’s Pizza,3,91,Italian,under $10
 Edge Rooftop,4.5,97,Italian,under $10
 Marco’s Pizza,3.5,97,Italian,under $10
 Dia’s Market,4.5,98,Italian,under $10
 Austin’s Pizza,3.5,99,Italian,under $10
 Panera Bread,2.5,100,Italian,under $10
 Whole Foods Market,3.5,100,Italian,under $10
 MOD Pizza,4,101,Italian,under $10
 Oddwood Ales,4.5,102,Italian,under $10
 Con’ Olio Oils & Vinegars,5,108,Italian,under $10
 REVUE,4,109,Italian,under $10
 Panera Bread,2.5,109,Italian,under $10
 Peoples Rx,4,110,Italian,under $10
 Russo’s New York Pizzeria & Italian Kitchen - Austin,3.5,112,Italian,under $10
 Beachside Billys,3,114,Italian,under $10
 Beachside Billys,3,114,Italian,under $10
 Snarf’s Sandwiches,3.5,115,Italian,under $10
 The Happy Lobster Truck,4.5,116,Italian,under $10
 Joes Italian Kitchen,4,121,Italian,under $10
  Degrees Kitchen,4,127,Italian,under $10
 Edis Chocolates,4.5,127,Italian,under $10
 Applebee’s Grill  Bar,3,129,Italian,under $10
 Modern Market,3.5,131,Italian,under $10
 Southside Flying Pizza,3.5,131,Italian,under $10
 Cannone Cucina Italiana,4.5,133,Italian,under $10
 i Fratelli Pizza North - Austin,4.5,133,Italian,under $10
 The Cupcake Bar,5,135,Italian,under $10
 Woody’s Pizza,3,135,Italian,under $10
 Woody’s Pizza,3,135,Italian,under $10
 Little Woodrow’s Parmer Lane,3,138,Italian,under $10
 Snap Kitchen,4.5,140,Italian,under $10
 Austin Cake Ball,4,148,Italian,under $10
 MAD Greens - South Austin,4,148,Italian,under $10
 CAVA,4,150,Italian,under $10
 Here Nor There,5,152,Italian,under $10
 Aviator Pizza & Drafthouse- Parmer Lane,4,152,Italian,under $10
 Aviator Pizza & Drafthouse- Parmer Lane,4,152,Italian,under $10
 Panera Bread,2.5,153,Italian,under $10
 Panera Bread,2.5,154,Italian,under $10
 Bufalina Due,4,155,Italian,under $10
 Snarf’s Sandwiches,3.5,156,Italian,under $10
 The Butterfly Bar,4,157,Italian,under $10
 Lakeside Pizza & Grill,3.5,158,Italian,under $10
 Red Lobster,3,166,Italian,under $10
 Johnny Carino’s,3,170,Italian,under $10
 The Git Out,4.5,173,Italian,under $10
 Revelry on the Boulevard,4.5,180,Italian,under $10
 Salvation Pizza - Rainey Street,3.5,181,Italian,under $10
 Marye’s Gourmet Pizza,4.5,182,Italian,under $10
 The Growler Bar and Kitchen,4.5,183,Italian,under $10
 Vic & Al’s,5,184,Italian,under $10
 Cidercade Austin,4.5,186,Italian,under $10
 SnowBall RiceBall,4,193,Italian,under $10
 Salvation Pizza Kitchen and Bar - Rock Rose,2.5,196,Italian,under $10
 Brooklyn Pie,3.5,201,Italian,under $10
 ARTIPASTA,4.5,204,Italian,under $10
 Urban,3.5,207,Italian,under $10
 Urban,3.5,207,Italian,under $10
 Li’l Nonna’s,4.5,211,Italian,under $10
 Li’l Nonna’s,4.5,211,Italian,under $10
 Olive Garden Italian Restaurant,3.5,216,Italian,under $10
 Frost Gelato,4.5,217,Italian,under $10
 Market Street Pizza,4.5,220,Italian,under $10
 The Parlor,3.5,221,Italian,under $10
 Johnny Carino’s,2.5,223,Italian,under $10
 Conans Pizza South,3,224,Italian,under $10
 Sprouts Farmers Market,3.5,225,Italian,under $10
 Cucina On th,4,226,Italian,under $10
 Sway,3.5,227,Italian,under $10
 Pacific Star Restaurant & Oyster Bar,3,227,Italian,under $10
 The Original Brooklyn Pie,3.5,233,Italian,under $10
 Mouton’s Bistro & Bar,4,238,Italian,under $10
 Annie’s Cafe and Bar,3,239,Italian,under $10
 Flores Mexican Restaurant,3,239,Italian,under $10
 East Side Pies,4,240,Italian,under $10
 Olive Garden Italian Restaurant,2.5,242,Italian,under $10
 DeSano Pizzeria Napoletana,4.5,243,Italian,under $10
 Olive Garden Italian Restaurant,3,246,Italian,under $10
 Whole Foods Market,3.5,246,Italian,under $10
 Sweet Treets Bakery,4.5,247,Italian,under $10
 Catfish Parlour,3.5,251,Italian,under $10
 P,3.5,253,Italian,under $10
  North,4.5,257,Italian,under $10
 California Pizza Kitchen at The Domain,3,260,Italian,under $10
 Carrabba’s Italian Grill,3.5,261,Italian,under $10
 Gino’s Italian Cuisine,3.5,262,Italian,under $10
 Salata,4.5,262,Italian,under $10
 Aviary Wine & Kitchen,4.5,264,Italian,under $10
 Nightcap,4,273,Italian,under $10
 Nightcap,4,273,Italian,under $10
 The Cheesecake Factory - Austin,3,283,Italian,under $10
 Second Bar  Kitchen - Domain Northside,4,285,Italian,under $10
 Nik’s Italian Kitchen  Bar,3.5,287,Italian,under $10
 It’s Italian Cucina,4,289,Italian,under $10
  UNO,4,292,Italian,under $10
 Mister Tramps,4,296,Italian,under $10
 Intero Restaurant,4.5,299,Italian,under $10
 Cipollina,3.5,300,Italian,under $10
 CRÚ Food & Wine Bar,3.5,304,Italian,under $10
 Garbo’s Lobster Truck,4,304,Italian,under $10
 Taverna,3.5,312,Italian,under $10
 Mandola’s Italian,4,316,Italian,under $10
 BackDraft Pizzeria,4.5,316,Italian,under $10
 CRÚ Food & Wine Bar,3.5,318,Italian,under $10
 Balkan Cafe & Grill,4.5,319,Italian,under $10
 Bar Peached,4.5,321,Italian,under $10
 SLAB BBQ & Beer,4.5,325,Italian,under $10
 Baris Pasta & Pizza,3.5,328,Italian,under $10
 Baker St Pub & Grill,3,328,Italian,under $10
 The Grove Wine Bar & Kitchen,4,344,Italian,under $10
 Seoulju Korean Kitchen & Bar,4.5,344,Italian,under $10
 Tony C’s,4,346,Italian,under $10
 Newk’s Eatery,4,350,Italian,under $10
 Cover ,4,350,Italian,under $10
 Sundancer Grill,4,359,Italian,under $10
 Via  Pizza,4.5,359,Italian,under $10
 Blaze Pizza,4,359,Italian,under $10
 Aviator Pizza & Drafthouse,4,360,Italian,under $10
 Satellite,3.5,362,Italian,under $10
 Conans Pizza North,4,364,Italian,under $10
 Siena Ristorante Toscana,3.5,367,Italian,under $10
 Austin Terrier,4,370,Italian,under $10
 June’s,4,375,Italian,under $10
 The Tavern,3.5,379,Italian,under $10
 Mia Italian Tapas & Bar,4,381,Italian,under $10
 House Wine,4.5,384,Italian,under $10
 Stuffed Cajun Meat Market,4,385,Italian,under $10
 Quattro Gatti Ristorante e Pizzeria,3.5,388,Italian,under $10
 Toss Pizzeria & Pub,4,388,Italian,under $10
 Antonelli’s Cheese Shop,4.5,393,Italian,under $10
 Whole Foods Market,4,397,Italian,under $10
 Pour House Pints And Pies,4,399,Italian,under $10
 Pour House Pints And Pies,4,399,Italian,under $10
 Vinaigrette,4,401,Italian,under $10
 Old Thousand,4,402,Italian,under $10
 Mandola’s Italian,3.5,420,Italian,under $10
 Gusto Italian Kitchen & Wine Bar,4,423,Italian,under $10
 Alamo Drafthouse Cinema South Lamar,3.5,431,Italian,under $10
 BJ’s Restaurant & Brewhouse,3,433,Italian,under $10
 Pappadeaux Seafood Kitchen,3.5,438,Italian,under $10
 Eurasia Sushi Bar & Seafood,4.5,445,Italian,under $10
 Milano Cafe,4,447,Italian,under $10
 ASTI Trattoria,3.5,447,Italian,under $10
" Manolis Ice Cream, Pastries, & Cakes",5,450,Italian,under $10
" Manolis Ice Cream, Pastries, & Cakes",5,450,Italian,under $10
 Buca di Beppo Italian Restaurant,3,454,Italian,under $10
 Peace Bakery and Deli,4.5,457,Italian,under $10
 La Patisserie,4,458,Italian,under $10
 The Rolling Rooster,4,464,Italian,under $10
 Numero,4,486,Italian,under $10
 Cosmic Coffee  Beer Garden,4.5,487,Italian,under $10
 BJ’s Restaurant & Brewhouse,3,494,Italian,under $10
 Opa! Coffee & Wine Bar,4,495,Italian,under $10
 Opa! Coffee & Wine Bar,4,495,Italian,under $10
 Southside Flying Pizza,3.5,506,Italian,under $10
 Hopfields,4,507,Italian,under $10
 La Traviata,4,511,Italian,under $10
 North Italia,4,520,Italian,under $10
 Cedro Scratch Italian & Wine Bar,4,521,Italian,under $10
 Alamo Drafthouse Cinema Slaughter Lane,3.5,531,Italian,under $10
 Haymaker,3.5,537,Italian,under $10
 Russo’s New York Pizzeria,3,538,Italian,under $10
 Juniper,4.5,541,Italian,under $10
 The Beer Plant,4,541,Italian,under $10
 The Grove Wine Bar & Kitchen,4,547,Italian,under $10
 Gourmands Neighborhood Pub,4,555,Italian,under $10
 Hideaway Kitchen & Bar,4,557,Italian,under $10
 Alamo Drafthouse Cinema Lakeline,3.5,557,Italian,under $10
 Home Slice Pizza,4.5,560,Italian,under $10
 Home Slice Pizza,4.5,560,Italian,under $10
 Hecho En Mexico,4,564,Italian,under $10
 Pluckers Wing Bar - Research,3.5,583,Italian,under $10
 Pluckers Wing Bar - Research,3.5,583,Italian,under $10
 Alamo Drafthouse Cinema Village,4,593,Italian,under $10
 Irene’s,4,604,Italian,under $10
 Citizen Eatery,4.5,607,Italian,under $10
 Reale’s Italian Cafe,4,622,Italian,under $10
 Flower Child,4,625,Italian,under $10
 District Kitchen & Cocktails,4,635,Italian,under $10
 Casa De Luz,4.5,637,Italian,under $10
 Russian House,4,646,Italian,under $10
 Russian House,4,646,Italian,under $10
 Hyde Park Bar & Grill Central,3.5,659,Italian,under $10
 Gabriela’s Downtown,4,664,Italian,under $10
 Pinthouse Pizza,4.5,669,Italian,under $10
 Via  Pizza,4.5,675,Italian,under $10
 Corner,4,678,Italian,under $10
 The Backspace,4,690,Italian,under $10
 Yard House,4,701,Italian,under $10
 Cover ,4,707,Italian,under $10
 Juliet Italian Kitchen,4,715,Italian,under $10
 French Quarter Grille,4.5,716,Italian,under $10
 Garbo’s,4.5,720,Italian,under $10
 Whip In,4,724,Italian,under $10
 The Cheesecake Factory - Austin,3,726,Italian,under $10
 Austin Beer Garden Brewing Company,4,742,Italian,under $10
 Black Star Co-op Pub & Brewery,4,754,Italian,under $10
 Picnik,4,758,Italian,under $10
 Foreign & Domestic,4,759,Italian,under $10
 Cypress Grill,4,763,Italian,under $10
 Topgolf,4,770,Italian,under $10
 Via  Pizza,4.5,775,Italian,under $10
 Lin Asian Bar And Dim Sum,4,778,Italian,under $10
 Ho Ho Chinese BBQ,3.5,782,Italian,under $10
 Patrizi’s,4.5,790,Italian,under $10
 Z’Tejas - Austin  STREET,3.5,794,Italian,under $10
 Cherrywood Coffeehouse,4,806,Italian,under $10
 Arpeggio Grill,4,807,Italian,under $10
 Maggiano’s Little Italy,3.5,811,Italian,under $10
 Santorini Cafe,4.5,820,Italian,under $10
 DeSano Pizzeria Napoletana,4.5,838,Italian,under $10
 Enoteca Vespaio,4,855,Italian,under $10
 Halcyon,3.5,855,Italian,under $10
 Quality Seafood Wholesale,3.5,868,Italian,under $10
 Thai Fresh,3.5,887,Italian,under $10
 Wu Chow,4,889,Italian,under $10
 Wu Chow,4,889,Italian,under $10
 Via  Pizza - Oak Hill,4.5,913,Italian,under $10
 Hillside Farmacy,3.5,953,Italian,under $10
 Chez Zee American Bistro,3.5,980,Italian,under $10
 Taverna,3.5,1003,Italian,under $10
 Parkside,4,1009,Italian,under $10
 Mandola’s Italian,4,1011,Italian,under $10
 SLAB BBQ & Beer,4.5,1063,Italian,under $10
 Turf N Surf Po’ Boy,4.5,1106,Italian,under $10
 Pinthouse Pizza,4,1119,Italian,under $10
 Launderette,4,1185,Italian,under $10
 Péché,4,1229,Italian,under $10
 Whole Foods Market,4,1258,Italian,under $10
 Casino El Camino,3.5,1284,Italian,under $10
 North Italia,4,1403,Italian,under $10
 Culinary Dropout,4,1486,Italian,under $10
 Gourdough’s Public House,4,1654,Italian,under $10
 Gourdough’s Public House,4,1654,Italian,under $10
 Hopdoddy Burger Bar,4,1839,Italian,under $10
 Lamberts Downtown Barbecue,4,1844,Italian,under $10
 Lamberts Downtown Barbecue,4,1844,Italian,under $10
 Bangers Sausage House & Beer Garden,4,2524,Italian,under $10
 Moonshine Patio Bar & Grill,4.5,5150,Italian,under $10
 Moonshine Patio Bar & Grill,4.5,5150,Italian,under $10
 Marco’s Pizza,3,91,Italian,$11-$30
 Edge Rooftop,4.5,97,Italian,$11-$30
 Marco’s Pizza,3.5,97,Italian,$11-$30
 Dia’s Market,4.5,98,Italian,$11-$30
 Austin’s Pizza,3.5,99,Italian,$11-$30
 Panera Bread,2.5,100,Italian,$11-$30
 Whole Foods Market,3.5,100,Italian,$11-$30
 MOD Pizza,4,101,Italian,$11-$30
 Oddwood Ales,4.5,102,Italian,$11-$30
 Con’ Olio Oils & Vinegars,5,108,Italian,$11-$30
 REVUE,4,109,Italian,$11-$30
 Panera Bread,2.5,109,Italian,$11-$30
 Peoples Rx,4,110,Italian,$11-$30
 Russo’s New York Pizzeria & Italian Kitchen - Austin,3.5,112,Italian,$11-$30
 Beachside Billys,3,114,Italian,$11-$30
 Beachside Billys,3,114,Italian,$11-$30
 Snarf’s Sandwiches,3.5,115,Italian,$11-$30
 The Happy Lobster Truck,4.5,116,Italian,$11-$30
 Joes Italian Kitchen,4,121,Italian,$11-$30
  Degrees Kitchen,4,127,Italian,$11-$30
 Edis Chocolates,4.5,127,Italian,$11-$30
 Applebee’s Grill  Bar,3,129,Italian,$11-$30
 Modern Market,3.5,131,Italian,$11-$30
 Southside Flying Pizza,3.5,131,Italian,$11-$30
 Cannone Cucina Italiana,4.5,133,Italian,$11-$30
 i Fratelli Pizza North - Austin,4.5,133,Italian,$11-$30
 The Cupcake Bar,5,135,Italian,$11-$30
 Woody’s Pizza,3,135,Italian,$11-$30
 Woody’s Pizza,3,135,Italian,$11-$30
 Little Woodrow’s Parmer Lane,3,138,Italian,$11-$30
 Snap Kitchen,4.5,140,Italian,$11-$30
 Austin Cake Ball,4,148,Italian,$11-$30
 MAD Greens - South Austin,4,148,Italian,$11-$30
 CAVA,4,150,Italian,$11-$30
 Here Nor There,5,152,Italian,$11-$30
 Aviator Pizza & Drafthouse- Parmer Lane,4,152,Italian,$11-$30
 Aviator Pizza & Drafthouse- Parmer Lane,4,152,Italian,$11-$30
 Panera Bread,2.5,153,Italian,$11-$30
 Panera Bread,2.5,154,Italian,$11-$30
 Bufalina Due,4,155,Italian,$11-$30
 Snarf’s Sandwiches,3.5,156,Italian,$11-$30
 The Butterfly Bar,4,157,Italian,$11-$30
 Lakeside Pizza & Grill,3.5,158,Italian,$11-$30
 Red Lobster,3,166,Italian,$11-$30
 Johnny Carino’s,3,170,Italian,$11-$30
 The Git Out,4.5,173,Italian,$11-$30
 Revelry on the Boulevard,4.5,180,Italian,$11-$30
 Salvation Pizza - Rainey Street,3.5,181,Italian,$11-$30
 Marye’s Gourmet Pizza,4.5,182,Italian,$11-$30
 The Growler Bar and Kitchen,4.5,183,Italian,$11-$30
 Vic & Al’s,5,184,Italian,$11-$30
 Cidercade Austin,4.5,186,Italian,$11-$30
 SnowBall RiceBall,4,193,Italian,$11-$30
 Salvation Pizza Kitchen and Bar - Rock Rose,2.5,196,Italian,$11-$30
 Brooklyn Pie,3.5,201,Italian,$11-$30
 ARTIPASTA,4.5,204,Italian,$11-$30
 Urban,3.5,207,Italian,$11-$30
 Urban,3.5,207,Italian,$11-$30
 Li’l Nonna’s,4.5,211,Italian,$11-$30
 Li’l Nonna’s,4.5,211,Italian,$11-$30
 Olive Garden Italian Restaurant,3.5,216,Italian,$11-$30
 Frost Gelato,4.5,217,Italian,$11-$30
 Market Street Pizza,4.5,220,Italian,$11-$30
 The Parlor,3.5,221,Italian,$11-$30
 Johnny Carino’s,2.5,223,Italian,$11-$30
 Conans Pizza South,3,224,Italian,$11-$30
 Sprouts Farmers Market,3.5,225,Italian,$11-$30
 Cucina On th,4,226,Italian,$11-$30
 Sway,3.5,227,Italian,$11-$30
 Pacific Star Restaurant & Oyster Bar,3,227,Italian,$11-$30
 The Original Brooklyn Pie,3.5,233,Italian,$11-$30
 Mouton’s Bistro & Bar,4,238,Italian,$11-$30
 Annie’s Cafe and Bar,3,239,Italian,$11-$30
 Flores Mexican Restaurant,3,239,Italian,$11-$30
 East Side Pies,4,240,Italian,$11-$30
 Olive Garden Italian Restaurant,2.5,242,Italian,$11-$30
 DeSano Pizzeria Napoletana,4.5,243,Italian,$11-$30
 Olive Garden Italian Restaurant,3,246,Italian,$11-$30
 Whole Foods Market,3.5,246,Italian,$11-$30
 Sweet Treets Bakery,4.5,247,Italian,$11-$30
 Catfish Parlour,3.5,251,Italian,$11-$30
 P,3.5,253,Italian,$11-$30
  North,4.5,257,Italian,$11-$30
 California Pizza Kitchen at The Domain,3,260,Italian,$11-$30
 Carrabba’s Italian Grill,3.5,261,Italian,$11-$30
 Gino’s Italian Cuisine,3.5,262,Italian,$11-$30
 Salata,4.5,262,Italian,$11-$30
 Aviary Wine & Kitchen,4.5,264,Italian,$11-$30
 Nightcap,4,273,Italian,$11-$30
 Nightcap,4,273,Italian,$11-$30
 The Cheesecake Factory - Austin,3,283,Italian,$11-$30
 Second Bar  Kitchen - Domain Northside,4,285,Italian,$11-$30
 Nik’s Italian Kitchen  Bar,3.5,287,Italian,$11-$30
 It’s Italian Cucina,4,289,Italian,$11-$30
  UNO,4,292,Italian,$11-$30
 Mister Tramps,4,296,Italian,$11-$30
 Intero Restaurant,4.5,299,Italian,$11-$30
 Cipollina,3.5,300,Italian,$11-$30
 CRÚ Food & Wine Bar,3.5,304,Italian,$11-$30
 Garbo’s Lobster Truck,4,304,Italian,$11-$30
 Taverna,3.5,312,Italian,$11-$30
 Mandola’s Italian,4,316,Italian,$11-$30
 BackDraft Pizzeria,4.5,316,Italian,$11-$30
 CRÚ Food & Wine Bar,3.5,318,Italian,$11-$30
 Balkan Cafe & Grill,4.5,319,Italian,$11-$30
 Bar Peached,4.5,321,Italian,$11-$30
 SLAB BBQ & Beer,4.5,325,Italian,$11-$30
 Baris Pasta & Pizza,3.5,328,Italian,$11-$30
 Baker St Pub & Grill,3,328,Italian,$11-$30
 The Grove Wine Bar & Kitchen,4,344,Italian,$11-$30
 Seoulju Korean Kitchen & Bar,4.5,344,Italian,$11-$30
 Tony C’s,4,346,Italian,$11-$30
 Newk’s Eatery,4,350,Italian,$11-$30
 Cover ,4,350,Italian,$11-$30
 Sundancer Grill,4,359,Italian,$11-$30
 Via  Pizza,4.5,359,Italian,$11-$30
 Blaze Pizza,4,359,Italian,$11-$30
 Aviator Pizza & Drafthouse,4,360,Italian,$11-$30
 Satellite,3.5,362,Italian,$11-$30
 Conans Pizza North,4,364,Italian,$11-$30
 Siena Ristorante Toscana,3.5,367,Italian,$11-$30
 Austin Terrier,4,370,Italian,$11-$30
 June’s,4,375,Italian,$11-$30
 The Tavern,3.5,379,Italian,$11-$30
 Mia Italian Tapas & Bar,4,381,Italian,$11-$30
 House Wine,4.5,384,Italian,$11-$30
 Stuffed Cajun Meat Market,4,385,Italian,$11-$30
 Quattro Gatti Ristorante e Pizzeria,3.5,388,Italian,$11-$30
 Toss Pizzeria & Pub,4,388,Italian,$11-$30
 Antonelli’s Cheese Shop,4.5,393,Italian,$11-$30
 Whole Foods Market,4,397,Italian,$11-$30
 Pour House Pints And Pies,4,399,Italian,$11-$30
 Pour House Pints And Pies,4,399,Italian,$11-$30
 Vinaigrette,4,401,Italian,$11-$30
 Old Thousand,4,402,Italian,$11-$30
 Mandola’s Italian,3.5,420,Italian,$11-$30
 Gusto Italian Kitchen & Wine Bar,4,423,Italian,$11-$30
 Alamo Drafthouse Cinema South Lamar,3.5,431,Italian,$11-$30
 BJ’s Restaurant & Brewhouse,3,433,Italian,$11-$30
 Pappadeaux Seafood Kitchen,3.5,438,Italian,$11-$30
 Eurasia Sushi Bar & Seafood,4.5,445,Italian,$11-$30
 Milano Cafe,4,447,Italian,$11-$30
 ASTI Trattoria,3.5,447,Italian,$11-$30
" Manolis Ice Cream, Pastries, & Cakes",5,450,Italian,$11-$30
" Manolis Ice Cream, Pastries, & Cakes",5,450,Italian,$11-$30
 Buca di Beppo Italian Restaurant,3,454,Italian,$11-$30
 Peace Bakery and Deli,4.5,457,Italian,$11-$30
 La Patisserie,4,458,Italian,$11-$30
 The Rolling Rooster,4,464,Italian,$11-$30
 Numero,4,486,Italian,$11-$30
 Cosmic Coffee  Beer Garden,4.5,487,Italian,$11-$30
 BJ’s Restaurant & Brewhouse,3,494,Italian,$11-$30
 Opa! Coffee & Wine Bar,4,495,Italian,$11-$30
 Opa! Coffee & Wine Bar,4,495,Italian,$11-$30
 Southside Flying Pizza,3.5,506,Italian,$11-$30
 Hopfields,4,507,Italian,$11-$30
 La Traviata,4,511,Italian,$11-$30
 North Italia,4,520,Italian,$11-$30
 Cedro Scratch Italian & Wine Bar,4,521,Italian,$11-$30
 Alamo Drafthouse Cinema Slaughter Lane,3.5,531,Italian,$11-$30
 Haymaker,3.5,537,Italian,$11-$30
 Russo’s New York Pizzeria,3,538,Italian,$11-$30
 Juniper,4.5,541,Italian,$11-$30
 The Beer Plant,4,541,Italian,$11-$30
 The Grove Wine Bar & Kitchen,4,547,Italian,$11-$30
 Gourmands Neighborhood Pub,4,555,Italian,$11-$30
 Hideaway Kitchen & Bar,4,557,Italian,$11-$30
 Alamo Drafthouse Cinema Lakeline,3.5,557,Italian,$11-$30
 Home Slice Pizza,4.5,560,Italian,$11-$30
 Home Slice Pizza,4.5,560,Italian,$11-$30
 Hecho En Mexico,4,564,Italian,$11-$30
 Pluckers Wing Bar - Research,3.5,583,Italian,$11-$30
 Pluckers Wing Bar - Research,3.5,583,Italian,$11-$30
 Alamo Drafthouse Cinema Village,4,593,Italian,$11-$30
 Irene’s,4,604,Italian,$11-$30
 Citizen Eatery,4.5,607,Italian,$11-$30
 Reale’s Italian Cafe,4,622,Italian,$11-$30
 Flower Child,4,625,Italian,$11-$30
 District Kitchen & Cocktails,4,635,Italian,$11-$30
 Casa De Luz,4.5,637,Italian,$11-$30
 Russian House,4,646,Italian,$11-$30
 Russian House,4,646,Italian,$11-$30
 Hyde Park Bar & Grill Central,3.5,659,Italian,$11-$30
 Gabriela’s Downtown,4,664,Italian,$11-$30
 Pinthouse Pizza,4.5,669,Italian,$11-$30
 Via  Pizza,4.5,675,Italian,$11-$30
 Corner,4,678,Italian,$11-$30
 The Backspace,4,690,Italian,$11-$30
 Yard House,4,701,Italian,$11-$30
 Cover ,4,707,Italian,$11-$30
 Juliet Italian Kitchen,4,715,Italian,$11-$30
 French Quarter Grille,4.5,716,Italian,$11-$30
 Garbo’s,4.5,720,Italian,$11-$30
 Whip In,4,724,Italian,$11-$30
 The Cheesecake Factory - Austin,3,726,Italian,$11-$30
 Austin Beer Garden Brewing Company,4,742,Italian,$11-$30
 Black Star Co-op Pub & Brewery,4,754,Italian,$11-$30
 Picnik,4,758,Italian,$11-$30
 Foreign & Domestic,4,759,Italian,$11-$30
 Cypress Grill,4,763,Italian,$11-$30
 Topgolf,4,770,Italian,$11-$30
 Via  Pizza,4.5,775,Italian,$11-$30
 Lin Asian Bar And Dim Sum,4,778,Italian,$11-$30
 Ho Ho Chinese BBQ,3.5,782,Italian,$11-$30
 Patrizi’s,4.5,790,Italian,$11-$30
 Z’Tejas - Austin  STREET,3.5,794,Italian,$11-$30
 Cherrywood Coffeehouse,4,806,Italian,$11-$30
 Arpeggio Grill,4,807,Italian,$11-$30
 Maggiano’s Little Italy,3.5,811,Italian,$11-$30
 Santorini Cafe,4.5,820,Italian,$11-$30
 DeSano Pizzeria Napoletana,4.5,838,Italian,$11-$30
 Enoteca Vespaio,4,855,Italian,$11-$30
 Halcyon,3.5,855,Italian,$11-$30
 Quality Seafood Wholesale,3.5,868,Italian,$11-$30
 Thai Fresh,3.5,887,Italian,$11-$30
 Wu Chow,4,889,Italian,$11-$30
 Wu Chow,4,889,Italian,$11-$30
 Via  Pizza - Oak Hill,4.5,913,Italian,$11-$30
 Hillside Farmacy,3.5,953,Italian,$11-$30
 Chez Zee American Bistro,3.5,980,Italian,$11-$30
 Taverna,3.5,1003,Italian,$11-$30
 Parkside,4,1009,Italian,$11-$30
 Mandola’s Italian,4,1011,Italian,$11-$30
 SLAB BBQ & Beer,4.5,1063,Italian,$11-$30
 Turf N Surf Po’ Boy,4.5,1106,Italian,$11-$30
 Pinthouse Pizza,4,1119,Italian,$11-$30
 Launderette,4,1185,Italian,$11-$30
 Péché,4,1229,Italian,$11-$30
 Whole Foods Market,4,1258,Italian,$11-$30
 Casino El Camino,3.5,1284,Italian,$11-$30
 North Italia,4,1403,Italian,$11-$30
 Culinary Dropout,4,1486,Italian,$11-$30
 Gourdough’s Public House,4,1654,Italian,$11-$30
 Gourdough’s Public House,4,1654,Italian,$11-$30
 Hopdoddy Burger Bar,4,1839,Italian,$11-$30
 Lamberts Downtown Barbecue,4,1844,Italian,$11-$30
 Lamberts Downtown Barbecue,4,1844,Italian,$11-$30
 Bangers Sausage House & Beer Garden,4,2524,Italian,$11-$30
 Moonshine Patio Bar & Grill,4.5,5150,Italian,$11-$30
 Moonshine Patio Bar & Grill,4.5,5150,Italian,$11-$30
 United Club,3,37,Italian,$31-$60
 Visconti Ristorante & Bar,3.5,43,Italian,$31-$60
 Codependent Cocktails  Coffee,3.5,86,Italian,$31-$60
 Sammie’s Italian,3.5,104,Italian,$31-$60
 Devil May Care,4.5,118,Italian,$31-$60
 Juliet Italian Kitchen,3.5,134,Italian,$31-$60
 Plate By Dzintra,4,194,Italian,$31-$60
 Rosewood,4.5,217,Italian,$31-$60
 Perry’s Steakhouse & Grille - Northside,3.5,300,Italian,$31-$60
 Arlo Grey by Kristen Kish,4,320,Italian,$31-$60
 Il Brutto,4,344,Italian,$31-$60
 The Capital Grille,4,362,Italian,$31-$60
 Fleming’s Prime Steakhouse & Wine Bar,4,371,Italian,$31-$60
 Gino’s Vino Osteria,4.5,381,Italian,$31-$60
 L’Oca d’Oro,4,401,Italian,$31-$60
 Soto South Lamar,4,431,Italian,$31-$60
 Andiamo Ristorante,4,454,Italian,$31-$60
 Olamaie,4,455,Italian,$31-$60
 Fukumoto Sushi & Yakitori,4.5,498,Italian,$31-$60
 Lenoir,4,503,Italian,$31-$60
 Eddie V’s Prime Seafood,4.5,527,Italian,$31-$60
 Eberly,4,549,Italian,$31-$60
 The Roosevelt Room,4.5,581,Italian,$31-$60
 Vespaio Ristorante,4,606,Italian,$31-$60
 ALC Steaks,4,611,Italian,$31-$60
 Truluck’s Ocean’s Finest Seafood & Crab,4.5,616,Italian,$31-$60
 Olive & June,4,643,Italian,$31-$60
 Clark’s Oyster Bar,4,665,Italian,$31-$60
 Musashino Sushi Dokoro,4,728,Italian,$31-$60
 Wink,4,795,Italian,$31-$60
 Fixe Austin’s Southern House,4,798,Italian,$31-$60
 Bartlett’s,4,823,Italian,$31-$60
 Pappadeaux Seafood Kitchen,4,832,Italian,$31-$60
 Red Ash,4.5,916,Italian,$31-$60
 Truluck’s Ocean’s Finest Seafood & Crab,4.5,921,Italian,$31-$60
 Fonda San Miguel,4,966,Italian,$31-$60
 Barley Swine,4.5,1134,Italian,$31-$60
 Justine’s Brasserie,4,1163,Italian,$31-$60
 Eddie V’s Prime Seafood,4.5,1223,Italian,$31-$60
 Perry’s Steakhouse & Grille - Downtown Austin,4,1250,Italian,$31-$60
 Perla’s,4,1697,Italian,$31-$60
 Odd Duck,4.5,1900,Italian,$31-$60
 Delysia Chocolatier,4.5,43,Italian,over $61
 J Carver’s,4,65,Italian,over $61
 Ruth’s Chris Steak House,3.5,393,Italian,over $61
 Lolita La Tampiqueña,4,17,Mexican,under $10
 La Sabroza,4.5,18,Mexican,under $10
 Kings Taqueria Y Mas,5,18,Mexican,under $10
 Taqueria La Escondida ,3.5,19,Mexican,under $10
 Rico’s Tacos,5,19,Mexican,under $10
 Rico’s Tacos,5,19,Mexican,under $10
 Nonos Tacos,5,21,Mexican,under $10
 El Perrito,5,21,Mexican,under $10
 El Pollo Rico,4,21,Mexican,under $10
 Taquitos Michoacanos,4.5,22,Mexican,under $10
 OneTaco Taquería,3,22,Mexican,under $10
 That Taco Stand,4.5,22,Mexican,under $10
 El Tizon Del Chef,4.5,23,Mexican,under $10
 El Pollo Rico,3.5,24,Mexican,under $10
 Tortilleria La Sabrocita,3.5,25,Mexican,under $10
 Crazy Fruits Riverside,3.5,26,Mexican,under $10
 Aguilera’s Mexican Restaurant,4,27,Mexican,under $10
 Taqueria La Libertad,4.5,27,Mexican,under $10
 Buddy’s Mexican Grill,3.5,27,Mexican,under $10
 Dos Amigos Mexican Food,4.5,28,Mexican,under $10
 OneTaco,4,29,Mexican,under $10
 Taco Bell,2,30,Mexican,under $10
 Taqueria Gardenia,4.5,31,Mexican,under $10
 Jefes Street Tacos,4.5,31,Mexican,under $10
 La Placita,4.5,31,Mexican,under $10
 Don Juan,4,31,Mexican,under $10
 El Rinconcito Del Sabor,4,32,Mexican,under $10
 Tamale Addiction,4,32,Mexican,under $10
 Taqueria Montenegro,4.5,33,Mexican,under $10
 El Super Taco,4.5,33,Mexican,under $10
 Mí Casa Market,3.5,33,Mexican,under $10
 Taco Bell,1.5,33,Mexican,under $10
 Pollos Asados El norteño #,4.5,34,Mexican,under $10
 Rita’s Mexican Restaurant,3.5,34,Mexican,under $10
 Taqueria Jessica,5,34,Mexican,under $10
 La Chapala,3.5,35,Mexican,under $10
 Taqueria Lopez,4.5,35,Mexican,under $10
 De Nada Tacos,4,36,Mexican,under $10
 Papa Joe’s Tex-Mex,4.5,37,Mexican,under $10
 Las Tocallitas,5,37,Mexican,under $10
 Cilantro’s,3.5,37,Mexican,under $10
 La Traila,4.5,37,Mexican,under $10
 Tacos y Pupusas Los Ramos,4,37,Mexican,under $10
 Taco Bell,2,37,Mexican,under $10
 Secretodela Abuela ,4,38,Mexican,under $10
 Taco Bell,2,38,Mexican,under $10
 Taquerias Arandinas,3,39,Mexican,under $10
 Oye Taquito,4.5,40,Mexican,under $10
 La Flor,4.5,42,Mexican,under $10
 Casita Nicole Antojitos Mexicanos,5,43,Mexican,under $10
 Granny’s Tacos,4.5,43,Mexican,under $10
 La Traila at Mesa,4.5,43,Mexican,under $10
 Chicken Bowl,4,43,Mexican,under $10
 Taco Aranda,4,43,Mexican,under $10
 Taqueria Anyeli,5,44,Mexican,under $10
 Tortilleria Krystal,3,44,Mexican,under $10
 Taqueria  Estrellas,3.5,45,Mexican,under $10
 Las Fabulosas Quesadillas,3.5,46,Mexican,under $10
 Taco Bell,2.5,46,Mexican,under $10
 Beto’s Mexican Restaurant,4,47,Mexican,under $10
 El Pollo Rico,3,47,Mexican,under $10
 Jefes Tacos & Catering,4,48,Mexican,under $10
 Rosarito,4,48,Mexican,under $10
 Taco Shack,3,48,Mexican,under $10
 Tortilleria Rio Grande,3.5,49,Mexican,under $10
 La Fogata’s China Kitchen,4,49,Mexican,under $10
 Taco Palenque Round Rock,3.5,50,Mexican,under $10
 Taco-Miendo,4.5,51,Mexican,under $10
 Taco Bella’s,4.5,51,Mexican,under $10
 Crazy Fruits,4,51,Mexican,under $10
 Taco Bell,2,51,Mexican,under $10
 Veracruz All Natural,4,53,Mexican,under $10
 Taco Shack,3,53,Mexican,under $10
 Taco Bell,2,53,Mexican,under $10
 Taquerias Arandinas,3.5,54,Mexican,under $10
 Tacos Durango,4,54,Mexican,under $10
 La Peña,4,55,Mexican,under $10
 El Michoacano Mexican Restaurant,4,56,Mexican,under $10
 ALLI Mexican Cuisine,4.5,57,Mexican,under $10
 Taqueria Vallarta,3.5,57,Mexican,under $10
 El Pollo Rico,3.5,57,Mexican,under $10
 Tacaso El Amigo,4.5,59,Mexican,under $10
 Taqueria La Escondida,4,59,Mexican,under $10
 El Pollo Rico,4,59,Mexican,under $10
 La Casita,3.5,60,Mexican,under $10
 Tutty Frutty,4,60,Mexican,under $10
 Mariana’s Kitchen,3.5,61,Mexican,under $10
 Taco Bell,2,62,Mexican,under $10
 Chipotle Mexican Grill,3.5,62,Mexican,under $10
 Taqueria La Canaria,4.5,64,Mexican,under $10
 Casa Linda Taqueria,4.5,65,Mexican,under $10
 Chipotle Mexican Grill,3.5,65,Mexican,under $10
 Brazas Taco House,4.5,67,Mexican,under $10
 Tacos Ivan,4.5,67,Mexican,under $10
 Paprika ATX,5,67,Mexican,under $10
 Chipotle Mexican Grill,3.5,67,Mexican,under $10
 Matamoros Tacos,4.5,68,Mexican,under $10
 Juana Taco,3.5,68,Mexican,under $10
 Chipotle Mexican Grill,2.5,68,Mexican,under $10
 Taco Bell,2,70,Mexican,under $10
 Trippy Tacos,5,71,Mexican,under $10
 Amigo’s BBQ Grill,4,71,Mexican,under $10
 Dave’s Tacos,4.5,72,Mexican,under $10
 Taco Brother,4.5,74,Mexican,under $10
 El Secreto De Abuela,4,76,Mexican,under $10
 Taquito Aviles,4.5,76,Mexican,under $10
 Tacos Y Tortas El Chilango,4.5,77,Mexican,under $10
 Taco Cabana,2,78,Mexican,under $10
 Taqueria Morelos,4.5,80,Mexican,under $10
 Try Hard Coffee Roasters,5,80,Mexican,under $10
 Casa Vallarta,4,81,Mexican,under $10
 Tacos Las Amazonas,4.5,81,Mexican,under $10
 Bomb Tacos,3,81,Mexican,under $10
 Mami’s Taco’s,4.5,81,Mexican,under $10
 Yucatan Tacos And More,5,87,Mexican,under $10
 Cuantos Tacos,5,90,Mexican,under $10
 Taqueria Guadalajara,3.5,91,Mexican,under $10
 San Juanita Tacos,4,91,Mexican,under $10
 Chipotle Mexican Grill,3,91,Mexican,under $10
 Taqueria Los Altos,4,92,Mexican,under $10
 Costa Del Sol Restaurant,3.5,95,Mexican,under $10
 Marcelino’s,4.5,96,Mexican,under $10
 Casa Moreno’s,3,96,Mexican,under $10
 El Chilito,3.5,96,Mexican,under $10
 Ramos Restaurant and Sports Bar,3,97,Mexican,under $10
 OneTaco,4,98,Mexican,under $10
 Papalote Taco House,4,98,Mexican,under $10
 Sabor Tapatio,4.5,103,Mexican,under $10
 Tacodeli,4,104,Mexican,under $10
 South Austin Trailer Park & Eatery,4,105,Mexican,under $10
 Pollo Regio,4.5,108,Mexican,under $10
 Taco Cabana,2,110,Mexican,under $10
 Taco Baby,4,112,Mexican,under $10
 Mi Tradicion,4,114,Mexican,under $10
 Pueblo Viejo Traila,4,117,Mexican,under $10
 Capital Taco,4.5,117,Mexican,under $10
 Taqueria La Familia Mexican Restaurant,3.5,118,Mexican,under $10
 Taqueria Arandas,4,119,Mexican,under $10
 Super Burrito at the Water Tank,4,119,Mexican,under $10
 Super Burrito on th,3.5,121,Mexican,under $10
 Taco Cabana,2,123,Mexican,under $10
 Taqueria Arandas,4,124,Mexican,under $10
 Tortillería Río Grande,4,125,Mexican,under $10
 Taco Cabana,2,128,Mexican,under $10
 La Tunita ,5,130,Mexican,under $10
 Taqueria Mi Trailita,4.5,131,Mexican,under $10
 Vazquez Restaurant,4,132,Mexican,under $10
 La Fruta Feliz,4.5,136,Mexican,under $10
 Taqueria Chapala,4,136,Mexican,under $10
 El Tacorrido,3.5,137,Mexican,under $10
 Taquerias Arandinas,4,139,Mexican,under $10
 Los Jaliscienses,4,140,Mexican,under $10
 Tacos Guerrero,4.5,144,Mexican,under $10
 Taco Cabana,2,145,Mexican,under $10
 Freebirds World Burrito,3.5,147,Mexican,under $10
 Burrito Factory,4.5,148,Mexican,under $10
 Chipotle Mexican Grill,3.5,151,Mexican,under $10
 Taco Cabana,2,151,Mexican,under $10
 Cabo Bob’s Burritos,4,155,Mexican,under $10
 Taqueria Los Jaliscienses,4,156,Mexican,under $10
 Little Mexico Restaurant,3.5,157,Mexican,under $10
 El Faro Mexican Food,4,160,Mexican,under $10
 Taco Cabana,1.5,164,Mexican,under $10
 La Casita,3.5,166,Mexican,under $10
 One Taco,3.5,167,Mexican,under $10
 ñoños tacos,4.5,168,Mexican,under $10
 Vazquez Restaurant,4,174,Mexican,under $10
 Taquerias Arandinas,3.5,174,Mexican,under $10
 Taqueria Chapala #,4,175,Mexican,under $10
 El Tacorrido,4,179,Mexican,under $10
 Rosa’s Café & Tortilla Factory,3,181,Mexican,under $10
 El Pollo Rico,4.5,183,Mexican,under $10
 Taqueria Guadalajara,3.5,188,Mexican,under $10
 Taco-Mex,4.5,189,Mexican,under $10
 Vaquero Taquero,4.5,192,Mexican,under $10
 Tacodeli,4,193,Mexican,under $10
 Freebirds World Burrito,3.5,196,Mexican,under $10
 El Huarache,4,197,Mexican,under $10
 Vazquez Restaurant,4,197,Mexican,under $10
 Rosie’s Tamale House,3.5,202,Mexican,under $10
 Taqueria Morales,4.5,207,Mexican,under $10
 Angie’s Mexican Restaurant,3,207,Mexican,under $10
 Top Taco,4.5,208,Mexican,under $10
 Freebirds World Burrito,3.5,209,Mexican,under $10
 Kesos Tacos,4,211,Mexican,under $10
 El Chilito,3.5,220,Mexican,under $10
 Freebirds World Burrito,3.5,234,Mexican,under $10
 Zuzu Handmade Mexican Food,3.5,237,Mexican,under $10
 La Tapatia,3,237,Mexican,under $10
 Taco More - Austin,4,239,Mexican,under $10
 Papalote Taco House,4,247,Mexican,under $10
 Macho Taco,4.5,252,Mexican,under $10
 Yummi Tacos & More,4,253,Mexican,under $10
 Pflugerville Taco House,4.5,257,Mexican,under $10
 La Posada Mexican Restaurant,4,261,Mexican,under $10
 Taqueria Arandas,3.5,261,Mexican,under $10
 El Primo,4.5,262,Mexican,under $10
 Ken’s Subs Tacos & More,4,264,Mexican,under $10
 Cheko’s,3.5,265,Mexican,under $10
 Mi Ranchito Taqueria,4.5,271,Mexican,under $10
 Torchy’s Tacos,4,283,Mexican,under $10
 Mr Natural,3.5,288,Mexican,under $10
 El Caribe Mexican Restaurant,3.5,289,Mexican,under $10
 El Rincon,3,292,Mexican,under $10
 Casa Maria,4,300,Mexican,under $10
 Texas Honey Ham Company,4.5,317,Mexican,under $10
 Con Madre Kitchen,4.5,321,Mexican,under $10
 El Borrego De Oro,4,332,Mexican,under $10
 Taco More,4.5,354,Mexican,under $10
 Veracruz All Natural,4,359,Mexican,under $10
 Mi Tradición,4.5,367,Mexican,under $10
 La Cocina de Consuelo,4,387,Mexican,under $10
 Joe’s Bakery & Coffee Shop,4,390,Mexican,under $10
 El Tacorrido,3.5,403,Mexican,under $10
 Onetaco - an Urban Taqueria,4,407,Mexican,under $10
 Las Trancas,4.5,425,Mexican,under $10
 Veracruz All Natural,4,432,Mexican,under $10
 Granny’s Tacos,5,436,Mexican,under $10
 T-Loc’s Sonora Hot Dogs,5,457,Mexican,under $10
 Taco Joint,4.5,463,Mexican,under $10
 Cabo Bob’s Burritos,4.5,465,Mexican,under $10
 El Taquito,4,466,Mexican,under $10
 Torchy’s Tacos,3.5,480,Mexican,under $10
 Rosita’s al Pastor,4,494,Mexican,under $10
 Dos Batos,4,497,Mexican,under $10
 Lazarus Brewing,4.5,498,Mexican,under $10
 Taco Joint,4.5,507,Mexican,under $10
 Torchy’s Tacos,4,527,Mexican,under $10
 Pueblo Viejo,4.5,538,Mexican,under $10
 Papalote Taco House,4.5,595,Mexican,under $10
 Torchy’s Tacos,4,652,Mexican,under $10
 Habanero Mexican Cafe,4,682,Mexican,under $10
 Cabo Bob’s Burritos,4.5,857,Mexican,under $10
 Torchy’s Tacos,4,889,Mexican,under $10
 Tyson’s Tacos,4,895,Mexican,under $10
 Torchy’s Tacos,4,913,Mexican,under $10
 Torchy’s Tacos,4,918,Mexican,under $10
 Veracruz All Natural,4.5,952,Mexican,under $10
 Tacodeli,4,1018,Mexican,under $10
 Tacodeli,4.5,1073,Mexican,under $10
 Food Fight Cafe,4,2,Mexican,$11-$30
 Airport Xpress Market,4,4,Mexican,$11-$30
 Daygos San Diego Taco Shop,5,8,Mexican,$11-$30
 Casa Jaliscienses,2.5,8,Mexican,$11-$30
 La Moreliana,3.5,11,Mexican,$11-$30
 Soco Bar & Bites,4,13,Mexican,$11-$30
 JDs Tacos,4.5,13,Mexican,$11-$30
 Eighteenth Over Austin,3,13,Mexican,$11-$30
 Curra’s Hyde Park,4.5,18,Mexican,$11-$30
 Mi Cabana,3.5,20,Mexican,$11-$30
 Marisco Grill,3.5,22,Mexican,$11-$30
 La Sirena,3.5,22,Mexican,$11-$30
 Los Potrillos,3,22,Mexican,$11-$30
 El Norteno Pollos Asados,4.5,35,Mexican,$11-$30
 Aleida’s Restaurant,4.5,36,Mexican,$11-$30
 Techo Mezcaleria & Agave Bar,4.5,42,Mexican,$11-$30
 Los Jarochos,2.5,44,Mexican,$11-$30
 Ma’Coco,4.5,46,Mexican,$11-$30
 Mariscos Tampico Bar & Grill,2.5,46,Mexican,$11-$30
 Casa Arandinas Mexican bar & Grill,3,48,Mexican,$11-$30
 La Holly,4,55,Mexican,$11-$30
 La Catedral Del Marisco #,2,55,Mexican,$11-$30
 Las Perlas,4.5,58,Mexican,$11-$30
 Mariscos Los Jarochos,2.5,61,Mexican,$11-$30
 Earl Campbell’s Food Truck,2.5,63,Mexican,$11-$30
  Rabbits Bar,3.5,79,Mexican,$11-$30
 La Feria Mexican Restaurant,3.5,82,Mexican,$11-$30
 Flavia’s Kitchen,5,84,Mexican,$11-$30
 Nissi VegMex Vegan Mexican Cuisine,4.5,87,Mexican,$11-$30
 Las Cazuelas Mexican Restaurant #,2,89,Mexican,$11-$30
 Texas Ranch BBQ,4.5,91,Mexican,$11-$30
 Las Abuelas,5,109,Mexican,$11-$30
 Los Comales Mexican Restaurant,3.5,120,Mexican,$11-$30
 Casa Garcia’s,3.5,124,Mexican,$11-$30
 Jasmine’s Restaurant,4.5,125,Mexican,$11-$30
 De Nada Cantina,4.5,126,Mexican,$11-$30
 Los Pinos,3,132,Mexican,$11-$30
 Amaya’s Taco Village,3.5,136,Mexican,$11-$30
 Dos Salsas,3.5,142,Mexican,$11-$30
 Pepe’s Tacos,4.5,146,Mexican,$11-$30
 Los Reyes Mexican Grill,3,147,Mexican,$11-$30
 Gabrielas South Austin,3.5,154,Mexican,$11-$30
 Nixta Taqueria,4.5,155,Mexican,$11-$30
 Casa Arandinas,3.5,157,Mexican,$11-$30
 La Palapa Restaurant & Cantina,3,158,Mexican,$11-$30
 The Peached Tortilla,4,158,Mexican,$11-$30
 Tres Amigos,3.5,174,Mexican,$11-$30
 Baby Acapulco,3,174,Mexican,$11-$30
 Oz Tap House,4,179,Mexican,$11-$30
 Torchy’s Tacos,2.5,182,Mexican,$11-$30
 Los Pinos Mexican,3.5,185,Mexican,$11-$30
 Polvo’s DT,3,188,Mexican,$11-$30
 Veracruz All Natural,4,197,Mexican,$11-$30
 Las Palomas Restaurant & Bar,3.5,198,Mexican,$11-$30
 Cenote,4,198,Mexican,$11-$30
 Camino Real Restaurant,4,199,Mexican,$11-$30
 El Taquito Urbano,3.5,200,Mexican,$11-$30
 Velvet Taco,4.5,207,Mexican,$11-$30
 Wilder Wood Restaurant & Bar,4,207,Mexican,$11-$30
 Serranos,3.5,231,Mexican,$11-$30
 Vaquero’s Cafe and Cantina,3.5,233,Mexican,$11-$30
 Azul Tequila,3.5,236,Mexican,$11-$30
 Tacodeli,4.5,236,Mexican,$11-$30
 El Nuevo Mexico- Austin,4,238,Mexican,$11-$30
 Flores Mexican Restaurant,3,239,Mexican,$11-$30
 Don Mario Mexican Restaurant,4,255,Mexican,$11-$30
 Flores Mexican Restaurant,3,258,Mexican,$11-$30
 Jalisco’s Restaurant and Bar,3,273,Mexican,$11-$30
 Cruzteca Mexican Kitchen,4.5,275,Mexican,$11-$30
 Serranos,3.5,276,Mexican,$11-$30
 Ramos Tex-Mex Restaurant #,4,287,Mexican,$11-$30
 Micheladas Cafe y Cantina,3,289,Mexican,$11-$30
 Texican Cafe - Manchaca,3.5,302,Mexican,$11-$30
 Santa Rita Tex-Mex Cantina,3,315,Mexican,$11-$30
 Serranos,3.5,315,Mexican,$11-$30
 Lupe Tortilla,3.5,316,Mexican,$11-$30
 Maudie’s North Lamar,3.5,318,Mexican,$11-$30
 Torchy’s Tacos,2.5,330,Mexican,$11-$30
 Rio Grande Tex-Mex Restaurant,3.5,332,Mexican,$11-$30
 Cisco’s Restaurant Bakery & Bar,4,334,Mexican,$11-$30
 Don Dario’s,3,334,Mexican,$11-$30
 Maudie’s Hill Country,3,338,Mexican,$11-$30
 Cielito Lindo Mexican Cuisine,4.5,353,Mexican,$11-$30
 Grizzelda’s,3.5,357,Mexican,$11-$30
 El Mesón,3.5,357,Mexican,$11-$30
 Sazón,4,366,Mexican,$11-$30
 Las Cazuelas Mexican Restaurant,3.5,384,Mexican,$11-$30
 La Mancha,3.5,388,Mexican,$11-$30
 Azul Tequila,3.5,388,Mexican,$11-$30
 Gloria’s Latin Cuisine,3.5,389,Mexican,$11-$30
 Casa Garcia’s,3.5,390,Mexican,$11-$30
 Baby Acapulco,3,391,Mexican,$11-$30
 Casa Garcia’s,3.5,398,Mexican,$11-$30
 Julio’s Café,4,399,Mexican,$11-$30
 Fresa’s Chicken al Carbon,3.5,428,Mexican,$11-$30
 Baby Acapulco,3,432,Mexican,$11-$30
 Chuy’s,4,436,Mexican,$11-$30
 Texican Cafe - Lakeline,3.5,444,Mexican,$11-$30
 Taquero Mucho,3.5,452,Mexican,$11-$30
 Chupacabra Cantina Y Tacqueria,3.5,462,Mexican,$11-$30
 Austin Taco Project,3.5,463,Mexican,$11-$30
 El Chile Café Y Cantina,3.5,469,Mexican,$11-$30
 Taco Flats,4,475,Mexican,$11-$30
 Chuy’s,3.5,478,Mexican,$11-$30
 Pelons Tex-Mex,3.5,479,Mexican,$11-$30
 Tamale House East,3.5,483,Mexican,$11-$30
 El Arroyo th Street,2.5,498,Mexican,$11-$30
 Manuel’s,3.5,505,Mexican,$11-$30
 Torchy’s Tacos,4,511,Mexican,$11-$30
 Jardin Corona,3.5,527,Mexican,$11-$30
 Fresa’s - South st,3.5,536,Mexican,$11-$30
 Amaya’s Taco Village,3.5,537,Mexican,$11-$30
 Hecho En Mexico,4,564,Mexican,$11-$30
 FoodHeads,4.5,575,Mexican,$11-$30
 Baby Acapulco,3.5,606,Mexican,$11-$30
 Paco’s Tacos,4,623,Mexican,$11-$30
 Casa Chapala Mexican Cuisine & Tequila Bar,4,636,Mexican,$11-$30
 Morelia Mexican Grill,2.5,636,Mexican,$11-$30
 Eldorado Cafe,4.5,638,Mexican,$11-$30
 Gabriela’s Downtown,4,664,Mexican,$11-$30
 Licha’s Cantina,4,668,Mexican,$11-$30
 The Park At The Domain,3,696,Mexican,$11-$30
 Tacodeli,4,699,Mexican,$11-$30
 Lupe Tortilla,3.5,718,Mexican,$11-$30
 Torchy’s Tacos,3.5,760,Mexican,$11-$30
 Z’Tejas - Austin  STREET,3.5,794,Mexican,$11-$30
 Velvet Taco,4,794,Mexican,$11-$30
 Gloria’s Latin Cuisine,3.5,829,Mexican,$11-$30
 Chuy’s,4,855,Mexican,$11-$30
 Punch Bowl Social Austin,3.5,922,Mexican,$11-$30
 El Alma,4,1021,Mexican,$11-$30
 Chuy’s,4,1079,Mexican,$11-$30
 Curra’s Grill,3.5,1170,Mexican,$11-$30
 Iron Cactus Mexican Restaurant and Margarita Bar,3.5,1205,Mexican,$11-$30
 La Condesa,3.5,1445,Mexican,$11-$30
 Matt’s El Rancho,3.5,1479,Mexican,$11-$30
 Polvos South,3.5,1509,Mexican,$11-$30
 Güero’s Taco Bar,3,1751,Mexican,$11-$30
 Hula Hut,3.5,1803,Mexican,$11-$30
 Juan In A Million,4,2021,Mexican,$11-$30
 Franklin Barbecue,4.5,5256,Mexican,$11-$30
 El Naranjo South Lamar,4,78,Mexican,$31-$60
 Comedor,4,311,Mexican,$31-$60
 ATX Cocina,4,478,Mexican,$31-$60
 Suerte,4.5,683,Mexican,$31-$60
 Fonda San Miguel,4,966,Mexican,$31-$60
